Choix 1,Choix 2,Choix 3,Choix 4,Choix 5
ENGIE,VALEO,VEEPEE,CIL4SYS,Delta Dore
SAFRAN,VEEPEE,IDEMIA,IBM,ENGIE
IBM,VEEPEE,AXYS,IDEMIA,Karavel
ENGIE,TECNIP,Delta Dore,UBISOFT,VALEO
ENGIE,VEEPEE,Ministère des Armées,TECNIP,IDEMIA
SAFRAN,Ministère des Armées,IDEMIA,IBM,VEEPEE
IBM,IDEMIA,SAFRAN,ENGIE,Airbus D&S
IBM,IDEMIA,SAFRAN,Airbus D&S,ENGIE
UBISOFT,VEEPEE,Airbus D&S,IDEMIA,IBM
VEEPEE,UBISOFT,SAFRAN,IBM,ENGIE
IBM,SAFRAN,ENGIE,Karavel,GROUPE HN
VEEPEE,Airbus D&S,ENGIE,IBM,VALEO
IBM,VEEPEE,IDEMIA,Karavel,CIL4SYS
IBM,IDEMIA,Airbus D&S,ENGIE,VEEPEE
IBM,UBISOFT,IDEMIA,Ministère des Armées,VALEO
Airbus D&S,Ministère des Armées,IDEMIA,IBM,SAFRAN
IBM,Airbus D&S,ENGIE,IDEMIA,BEARING POINT
IBM,IDEMIA,UBISOFT,VEEPEE,AXYS
IBM,UBISOFT,AXYS,IDEMIA,VEEPEE
Airbus D&S,IBM,Ministère des Armées,SAFRAN,IDEMIA
ENGIE,VEEPEE,BEARING POINT,VALEO,IBM
IDEMIA,SAFRAN,VEEPEE,Karavel,Ministère des Armées
Airbus D&S,IDEMIA,IBM,VALEO,UBISOFT
IBM,VEEPEE,SAFRAN,ENGIE,IDEMIA
ENGIE,TECNIP,Airbus D&S,VALEO,IBM
ENGIE,TECNIP,Airbus D&S,VALEO,IBM
ENGIE,TECNIP,Airbus D&S,VALEO,IBM
ENGIE,TECNIP,Airbus D&S,VALEO,IBM
IBM,Airbus D&S,VEEPEE,IDEMIA,Karavel
ENGIE,VEEPEE,VALEO,IBM,BEARING POINT
VEEPEE,ENGIE,Ministère des Armées,IBM,Karavel
ENGIE,VEEPEE,TECNIP,Airbus D&S,IDEMIA
VEEPEE,IDEMIA,Ministère des Armées,Airbus D&S,UBISOFT
VEEPEE,IDEMIA,UBISOFT,ENGIE,Airbus D&S
ENGIE,Airbus D&S,IBM,IDEMIA,VALEO
VEEPEE,IBM,VALEO,IDEMIA,Ministère des Armées
Airbus D&S,UBISOFT,IBM,ENGIE,TECNIP
CIL4SYS,Delta Dore,BEARING POINT,ENGIE,VALEO
Airbus D&S,IDEMIA,VEEPEE,IBM,UBISOFT
VEEPEE,Karavel,IBM,AXYS,Delta Dore
Airbus D&S,SAFRAN,IDEMIA,Ministère des Armées,CIL4SYS
Airbus D&S,SAFRAN,IDEMIA,Ministère des Armées,CIL4SYS
IBM,AXYS,VALEO,BEARING POINT,Airbus D&S
SAFRAN,ENGIE,UBISOFT,IDEMIA,VEEPEE
IDEMIA,ENGIE,Airbus D&S,VALEO,SAFRAN
IDEMIA,ENGIE,IBM,AXYS,BEARING POINT
IDEMIA,VEEPEE,Airbus D&S,IBM,ENGIE
Airbus D&S,IDEMIA,VALEO,UBISOFT,ENGIE
IBM,VEEPEE,AXYS,Karavel,IDEMIA
VEEPEE,IDEMIA,IBM,Airbus D&S,VALEO
SAFRAN,Ministère des Armées,Airbus D&S,IBM,CIL4SYS
UBISOFT,IDEMIA,VEEPEE,VALEO,IBM
VEEPEE,ENGIE,VALEO,SAFRAN,IBM
SAFRAN,VEEPEE,TECNIP,Airbus D&S,ENGIE